zone,hour,event,demand_water,demand_bread,demand_milk,demand_eggs,demand_snacks,demand_coffee,demand_fruits,demand_vegetables
Z3,0,weekend,35.608448394079595,16.503323953036425,17.037433506095795,22.44725661474195,15.856030994107416,14.57374658408286,14.659850011012258,10.617137463654865
Z1,6,weekend,52.22475902911198,31.653333150429358,41.08759212637344,34.80876515278554,25.452386719906656,24.83518355160591,22.875417506314022,20.612711998804425
Z4,15,normal,51.34836585908595,24.18624457040286,33.127291711352036,30.31295536326778,24.678556976742595,21.752532367000807,20.3107090917235,26.028606569946344
Z3,18,normal,51.392559714460255,22.86769962016881,35.7568238879366,25.551150710691413,19.981822104230556,22.537433097022507,29.184616981451942,17.09894469141641
Z3,0,rain,39.962273556020826,19.986291896138642,21.979098644288296,24.572043629162035,27.05618376765089,25.2492838487219,16.70851397296473,14.405748676609763
Z3,0,rain,37.7448003266728,20.42152158073388,24.54860398699337,22.044396721116414,27.663550875402194,18.671382445841086,9.946983365813225,10.336766489818238
Z4,21,normal,55.81775877582348,31.119464722347114,37.72998839390118,41.82275651334153,32.06848936070103,27.121048707023284,27.69356011926846,18.648929309870027
Z4,3,rain,43.43416055113236,19.707939185314288,25.847634304163897,25.59594083216151,23.220828135703474,16.64278305876062,10.07890977341861,9.70121461403048
Z3,0,normal,28.749081872240254,13.615435345837955,20.294334062192537,16.970740260142758,12.634013627603604,8.959147968427388,15.227537591311135,12.77263141688471
Z5,12,normal,43.540295191101265,21.907027550270666,22.799930364294358,21.686120570592198,20.966120051244854,16.652922822548117,16.85207465769041,15.733695961566637
Z5,6,weekend,44.77533463247327,24.848166401229292,36.7014159289106,27.498969034996897,17.540338727905834,20.765490107328947,19.793679168226213,15.593205114676413
Z1,6,normal,53.00924293302306,21.982834206053678,32.596437278436845,26.855381895068774,32.36915501621337,22.416353058332188,23.039938198795866,17.37469840101122
Z1,6,normal,44.36015709026357,21.878814552777335,28.987660287750014,31.531222842980526,28.190738131893838,23.849747807650655,16.96864328998447,17.978616462981563
Z4,9,normal,51.71330877452346,22.68977600172095,31.845090652111182,32.6688441942829,25.90466869053355,23.20471778549774,23.38829165721494,16.15727906438049
Z6,21,weekend,62.853352680433794,26.93037926951024,39.03724285342372,41.43193346014946,35.83085453949563,38.30526109341046,25.356000513882783,22.912773019084437
Z1,18,rain,67.55702857270433,38.41863551210438,36.06669819580983,42.02100276915186,43.417246352787814,26.19334367282889,21.938995016447944,21.347488817625873
Z6,9,rain,56.38802791218865,32.76789224944962,26.46179097173963,37.301686442706085,40.13984874945565,35.338467512810304,17.700891093054675,18.482956486381326
Z1,12,normal,40.963757175394086,25.26016805085138,27.444106079752178,20.900049776912923,23.051210406587,12.755762953333964,17.177066122533876,13.425343584620245
Z2,9,normal,40.85462905553131,20.0062198102538,28.28710954034201,24.914710507190037,25.99268167564846,21.079553512487944,18.289370651310236,12.02100497697888
Z3,12,normal,43.2516974402852,22.22594417602918,24.657043986636598,30.280216565885233,24.661642878177954,18.491896207401886,14.94337879959936,19.48181827302439
Z3,12,normal,42.07611047315334,18.820879925649727,22.57565331600419,24.44659723238802,19.227384887196724,16.694457047320164,24.01969434793689,13.623438991922422
Z1,18,weekend,57.65619107927152,35.66453407203617,38.41099133893961,42.464643422156755,41.08578156148611,27.499636634707073,17.327885178634368,18.459868074693393
Z1,12,rain,50.327007231217394,30.315005788707847,24.662757660759613,24.850244919223147,38.322923581869865,25.100726828304595,12.49925692809876,22.324874911443366
Z4,3,normal,36.30038482890799,21.331505362369402,22.104002646839632,22.852747429397215,17.18764371652254,15.09229537581995,10.641546882600032,14.413329915856579
Z4,3,weekend,39.880556266818644,18.897823514136263,26.021208585532115,25.642453547052572,17.743796014637816,19.367392036246464,10.435372925765524,13.092722212659742
Z5,12,rain,38.53854689174799,19.332126132881065,24.33575441410516,20.596458740516045,20.00962682487266,20.58052714308269,15.218032735647585,19.324198020981715
Z4,9,rain,56.83406939591412,34.521824033559916,38.30456559224379,39.99084305559707,28.436118057759384,32.478092600583956,20.66285306189353,27.64998766112558
Z2,15,rain,44.58995018476546,28.97766085056849,28.62167112488705,27.199072401071852,30.111995999172187,23.07448590204886,14.859143172581211,17.162521448606622
Z2,3,weekend,34.09901092079627,21.60438651459801,22.661047174156106,21.964385776469,8.975917646391423,16.215085593244588,10.69449405397495,7.293450288517302
Z2,3,rain,36.75852768920731,24.70278625761798,17.198024481997447,16.582372085701827,19.927066156466452,25.114816298143648,9.231031906110339,14.024453948074296
Z4,9,normal,52.84626868638831,29.64256421807706,33.45683191908251,36.839301972671585,25.170021412925653,21.475410145563483,29.214447875477855,21.338231773047113
Z4,3,weekend,34.896916998994364,23.08446260418818,26.370490076246977,28.362618739237192,17.206375737822135,17.1560889187685,17.989966378885676,13.819559110979169
Z6,9,rain,57.66024610954806,27.182407695269976,36.29607230958198,28.197062187502894,44.17196585256354,29.13055006076852,23.72425521417863,25.121572776100972
Z5,12,rain,42.61801263183633,17.23639063322718,25.434351233965845,25.57527389722319,25.95315079741432,20.592295580523427,24.837773317103693,19.903041362452957
Z6,3,rain,34.96530994146849,26.414849756834272,22.322212327701656,16.687178042604202,26.116864148951525,17.151515790062,12.01582533265275,15.650050598054218
Z4,21,rain,74.10489084158729,40.395480855584054,45.209766618789715,42.99593446262854,38.12358425541736,31.140899286818012,30.27907977108199,24.944491559097976
Z5,18,rain,62.40048339743653,29.964966487507034,34.972823458615416,33.3957258886089,36.348912070053366,28.910692029068972,24.53048429208193,25.707682037209608
Z4,21,weekend,66.31416528849677,31.774248339493983,42.131841522660594,43.20322053677516,30.588380797970892,26.590914211192775,27.111624711317294,23.67335751679298
Z5,18,rain,53.320926329949145,36.5756406180215,41.63614700725246,36.371504792444,28.399049931981416,31.179915486941294,28.207422033242665,23.384581236714183
Z1,6,rain,56.45976372076835,36.40416660072256,27.357393541198277,27.113083585338362,36.25958735443389,33.30568834619157,23.38612144021754,24.49161386161429
Z1,12,rain,46.356428999779055,29.081585671798944,25.42400899508661,32.76517118825731,33.3895000696048,25.11196975144622,27.3377152715859,23.998400512062915
Z1,18,normal,53.63098727641344,28.77608106011605,29.127950630251792,25.98734164113153,42.228364892099044,20.19002096554089,17.707250475408756,25.9843973491246
Z6,3,normal,32.69039605556626,17.068009232018664,16.787334294454638,20.39762377944523,22.76730083970911,25.263092045626436,11.01273533304146,9.586633694161552
Z1,12,rain,46.255348423997035,30.72812630183791,25.593794917701835,26.305398879296042,31.815678154289184,23.91020898088856,20.173510996265335,15.163234836317592
Z2,15,normal,43.3232314635288,18.727366083548052,31.35876814675854,20.603936324539774,23.42487716366071,20.556946945352234,18.217973034104816,12.441748199345184
Z5,0,normal,28.389718863098416,17.112701892021732,19.408819045889338,11.017432797871042,16.514183214099837,8.826262821473167,17.694995744863522,13.579225939443585
Z2,21,rain,58.06588480672258,31.51417140798868,37.80874248875096,38.07401979434859,31.495994267014165,27.921557561860737,26.894150458001942,21.387495717659608
Z6,15,rain,53.009795599212055,27.96334829906818,29.035946424489573,29.525277230733515,35.5221235994324,29.272183429522578,22.92803252281866,20.13603062871139
Z4,15,weekend,51.19367113641675,30.30927852523724,38.611384864186036,31.507443713075567,24.94342839388148,27.715294416806405,18.840841199156024,17.346636939483883
Z1,18,rain,61.60467992558918,36.26965913684948,48.99239662007796,41.845184223409895,42.159917078481584,34.41387359593021,22.686318295667686,18.703860144038224
Z5,18,normal,53.07852217585717,17.542412387540626,32.475315303476165,31.26398268836126,28.58577282287651,20.145282559293154,25.936505558158448,20.381178398429217
Z4,15,rain,48.40565205678182,32.348944447092606,31.921951663473735,31.09512094474169,28.01327226866361,30.448863219978733,23.33924530314328,22.557514224755288
Z6,3,weekend,36.16243208153829,19.65775235697641,23.429632055746406,15.71776188295324,25.349421519980115,19.041277632974815,12.253867158046578,11.550608836066777
Z1,18,weekend,64.01897702689976,33.060116784923466,40.895265872243264,42.11564923931169,34.61154881620649,18.720868841746782,31.493479482541627,30.824471834124513
Z4,15,weekend,50.248536560204386,29.38318788966016,33.7135787044405,34.262502274738964,25.311304151826953,20.235097881486897,23.862118980534067,25.25043543680622
Z2,9,normal,46.55913755414869,23.61053294484397,30.05958107750388,23.888287701059376,15.562620461078321,20.749815629008143,18.514538518486344,11.664634616073329
Z4,9,rain,58.00183262242914,32.76916177329121,38.88591414943673,39.80874542527429,34.62371915459769,30.964895524738143,30.95936060304662,24.01253240265385
Z3,12,weekend,43.73705734526518,22.836996507848916,30.26105838152625,31.895534230906062,25.937776374415122,25.169878991611654,22.467670286682086,17.70757410112461
Z5,12,rain,36.75565738915318,23.93686741974888,22.920965019139608,25.119967190558928,18.682132454745357,22.688992441128736,16.653451034924206,11.887532388088173
Z3,12,normal,42.70946155542552,21.989376540435565,25.64403441703545,14.548770467906616,15.398690730508688,24.241662054946286,15.907117724400678,7.023498719048514
Z4,21,weekend,54.964149067554224,34.68816572223578,52.82345254286591,46.00081495012277,30.101656998826797,30.086980733251075,21.623045764519446,24.50612023055828
Z5,18,weekend,55.35607167140918,30.643668166698617,37.13439119446231,37.37392206652946,29.812730938982845,26.74861023411522,28.170447754634335,27.3369554512113
Z2,9,normal,44.39261574249669,23.903448100324603,26.058160316235046,19.13440112499146,17.187978390227286,20.482428771200354,12.685540102626815,16.91694205487843
Z6,15,rain,52.9067764776884,26.908064185868625,29.216311595124864,33.79183857157372,33.532426115796014,28.60608953527624,20.8192288668751,17.184615438549855
Z1,0,rain,42.5409113500426,26.005225347708013,22.676173329939623,22.839636182436756,17.76610655009445,14.59802538085276,13.903151779467546,10.784870105005993
Z1,12,normal,40.02643811587231,17.220594261296156,29.385327637100183,24.564227178961502,34.42110798939426,19.99266009553728,17.51646099441705,14.082152244620021
Z5,18,normal,45.87874246085633,18.672761337565206,32.69748550464705,32.62139717638553,24.602383799301276,23.641248470655462,15.406784038894518,14.762789590078814
Z2,21,rain,58.11980804966884,27.810334220525235,37.86491449298145,35.03558846642857,33.865174062978845,34.045744791614545,28.681060717261605,18.811126128342895
Z5,18,weekend,53.02266862731593,29.386513810171973,36.25573995597873,34.00176570763476,32.29418035921139,25.582548400563347,20.024089114166124,20.779154310064357
Z4,15,rain,54.18084187352521,34.02131259222686,39.78842882852011,36.66723830235508,28.666067149989072,23.435829696942044,21.26904552084729,21.965178976401603
Z1,18,rain,64.49237830253094,31.41948908592147,32.18334242053395,40.27261630428847,41.68847319602374,30.475799641337748,20.744100113554325,19.986252919206432
Z6,15,normal,44.135482514547405,24.051383219109283,19.648344201349488,25.37899302930553,31.170277018506745,21.38280943327826,18.658058736092542,12.725578216857691
Z2,3,rain,39.04888621166248,17.908036125463404,23.052598478310752,20.795659267775154,18.057336396085475,20.808918526561097,21.329693861691887,12.206438222665952
Z1,0,normal,37.578947919259264,10.294329829888014,16.101761214301355,14.542387141934476,20.064380491011637,13.125991250238267,17.465477335936306,14.74741915182094
Z4,21,normal,58.0540746149373,32.806823664620985,34.714600477260035,37.87508707960178,28.097917322868973,28.224400102837528,24.234948235718026,20.387832063388867
Z4,9,rain,61.304916410152856,31.980243094255233,41.48339725929434,36.3331348224708,30.877547170525027,31.35870439457218,26.133836688179283,27.003332733776716
Z3,6,normal,45.21397527779214,20.665856420600214,24.58430243989457,27.284701121581826,20.633863301591656,23.280366409166717,23.62192458846586,15.785663396689143
Z1,18,normal,56.54054655635911,27.401102537146876,34.1883804071061,38.19423894571541,28.703583712840988,26.445258365035293,15.669113503316986,19.176383315869593
Z5,0,normal,26.740869635375883,10.216584205080663,16.667665688954813,11.08839848355292,16.442548313850416,11.844620560154294,7.6033779692407,6.440353215773603
Z1,6,normal,50.51630088162944,30.944263075844667,29.603803328945403,23.937822664262644,28.859025271900762,23.192168827250985,13.3725932473682,19.341948159278928
Z1,12,weekend,47.301948448955486,27.634501713055872,32.166217696858716,29.566343863683315,28.152302134732942,25.463375635101105,17.79375099521347,20.389189002627372
Z2,21,weekend,55.46700212070661,33.82349458932038,35.27359109507364,37.17857424107017,21.798275799344683,26.91750239504979,23.96243572786752,21.867714159757476
Z1,0,normal,35.697280245203,11.072783069553266,17.32407359455482,23.461790263538674,19.372850619497022,17.34572911796479,13.39784386051736,11.039846453999395
Z3,0,weekend,28.312834620068617,9.681756777169372,19.336243589956638,28.224544877835708,16.84607341303476,19.60897316812411,18.070439019153063,14.906635890003058
Z6,9,normal,50.278265238022726,26.08357663843511,30.571513706521166,31.648616983556778,30.932344939159737,26.410244953643367,15.57723092961964,24.34018653746692
Z3,6,weekend,52.731716367129415,29.151081980518324,35.71309005043987,33.32799522178013,25.54084012403841,27.663979062187003,26.891340259977984,12.261363940943397
Z6,15,weekend,42.3034049954556,24.87042070381309,37.24825220343678,25.19975249143293,30.884663285414543,20.904857829462472,17.727127917121127,22.179556119595123
Z3,18,normal,53.82654406856946,24.675753922453726,30.673800098039745,36.01328537103613,28.771871519524275,25.597441432169482,29.139379788711757,23.69670680432706
Z2,15,rain,49.0281793710968,24.25855968917145,22.307284113408315,19.627528958610387,25.85914827784236,25.48968248350272,17.97213660248878,17.752327322144236
Z2,21,weekend,61.92499469749632,25.098117423471425,37.071072377675804,35.47077003558482,36.54998637209762,33.26994721299871,27.31069006699433,18.458678155577484
Z1,12,weekend,47.55827909918847,31.211650773121608,32.07232062360623,30.042519833654286,28.491458819625585,19.777773465925286,16.66321161146103,17.93242275635144
Z1,6,weekend,56.51828731027545,28.3837130491101,40.49991800766241,36.72937715307397,38.498956147971526,25.622846924940028,27.395300492299945,12.581301502090799
Z1,6,weekend,53.492171721813136,29.956251211447977,40.419927387837674,32.564920084566744,35.32932878308657,23.083884957542445,21.425764882437836,14.239896420393483
Z3,18,rain,62.608659438285635,35.27872563446905,34.57641284678854,35.92894742484722,30.538666275342045,31.604798261792283,32.58419582526257,22.22473756616171
Z3,6,rain,56.44109804064795,25.255426503082777,31.63763270017864,36.125358570374935,28.381065103563422,29.93919030427295,21.98773478470312,18.60130946593023
Z2,15,normal,36.70185339282054,20.313406997593457,27.295315718353084,22.599620137158503,20.695747245129805,19.31052934409994,20.606726275006206,10.85437735700563
Z6,3,normal,33.542298466075685,18.002342987630332,27.17655812092125,28.00721863102565,21.350033016465982,12.687016579888477,4.866938017440416,12.126910118203424
Z2,3,rain,30.10339350768971,16.44083613350918,20.425047405818898,14.237854232794335,15.56950130625035,16.289926855670853,22.11032632226562,19.45892433711501
Z1,0,weekend,35.04134437602405,25.489255022847708,20.821340112847793,18.653855433654602,24.566243781411654,14.465482069991435,15.064273466479747,12.204013855164206
Z6,15,weekend,47.31887691046185,25.301089181836833,32.17030864113708,26.9801106217282,30.592356852394637,22.34638790506287,17.880588706961188,18.09876332006204
Z5,12,weekend,44.77423175427108,18.86929809920833,31.839697485805964,26.4396035000349,20.96685073920573,18.360981818674585,19.06089187150038,18.052367620732433
Z6,3,rain,38.71796019471292,21.175401917307486,23.512267929583576,22.311537985300426,28.643317267894375,18.10384499675283,17.7201758261787,9.454923488900612
Z5,0,weekend,36.04786374101995,13.71477781947035,22.422285999307068,19.095157747452802,16.628317535879553,11.439258474053098,14.988818590547432,5.6010822865315015
Z6,3,weekend,41.216649260435716,19.813628293629982,27.633422289704317,25.71729998884834,25.844907607415795,19.91478711989419,16.88913466476209,14.35152240671276
Z6,9,weekend,58.003682912693165,23.619499985352093,42.23095173338308,30.197242234054993,36.4913948435905,26.886113191178822,20.749857175400614,12.472126590787738
Z4,3,weekend,37.97602801178558,22.892991117393994,24.806506330001664,24.512148750711997,19.024999133890606,9.877994259366863,17.4700229452926,14.900301160069647
Z2,9,normal,44.2999407570079,24.683974815700132,29.96138587700511,27.19959688012311,19.698746647094914,18.685580265105344,15.070222498615545,13.308325150117941
Z3,18,rain,64.12739474988163,30.572753555667727,38.863398537201505,42.60977585822018,32.790508540721255,34.1310666976593,24.748937430127317,24.765500548954325
Z2,21,normal,55.4388575961343,22.692053285762494,31.205756697330475,26.437205347620804,23.138920090390453,27.967347140699427,20.38967397536478,19.973918494910638
Z2,3,normal,31.868009886806906,14.053259510150639,15.788059052706359,16.662349403219483,14.585137752864895,15.572135529346195,19.094338574991404,8.487595275105674
Z6,21,rain,65.31371072477171,35.223418596516126,49.10684774526414,35.52037364668328,41.49541781068197,37.516452264942274,26.645561402861134,22.602954496188268
Z2,3,normal,34.69847613726441,13.070194113718347,12.387416623527852,13.614159678169031,16.61237105045593,16.28028187226878,5.886796124175966,7.785601182071295
Z2,9,rain,45.52581969353476,24.86629491824334,31.78602507213588,35.4579956975296,29.0948532640582,32.55307752635232,18.516478405112974,15.581938097540414
Z6,3,weekend,35.49803447102755,22.162532314593363,20.5975630879562,21.07462041470984,24.25256630963214,9.431004309573282,18.413171587786145,8.394133397277471
Z2,21,weekend,55.01155757092734,21.81226685782935,37.21730608331419,32.78781967555765,27.023586556422103,24.192741853273535,25.42126399866767,21.6517118135013
Z2,9,rain,50.50835094187081,17.885892815054106,28.48679880899164,33.585397769359446,18.712333640199,27.804038890469137,16.1340102753646,22.54523733554693
Z1,6,rain,53.951096166413876,31.0023501893711,33.19763720329068,31.858550897542656,43.359841375911884,28.64994317777988,21.841845070364595,18.181215385109656
Z2,15,normal,32.3098156517777,16.987247945307097,22.11638089760767,27.806621572597308,13.967474858373414,15.171272200930808,19.317643750869948,18.75547105112387
Z3,0,normal,27.552767322879,13.300677208735365,16.964878289699826,16.525788838728648,14.31408298241936,18.716198492895764,20.29085336420632,9.688212712359482
Z3,18,weekend,55.55119578954481,30.91604426131914,40.84822534382273,42.462686899623264,36.79612318246169,26.842513359237962,30.209786184724454,17.08741534896436
Z5,18,weekend,55.66075704934989,26.443375895501376,38.26984439926558,22.46547968451528,28.154052077347675,11.032795111748259,20.198918074081043,20.771359703293445
Z2,21,normal,61.46773509234142,19.725516799111304,30.63112865124189,29.35344442829178,31.221641755419572,22.08200022550117,18.635527539202617,20.413481516216102
Z1,12,rain,47.66002084968757,27.457305861769136,29.40948717627591,28.26367079235864,39.15690515958557,14.913554901875267,18.368510074216108,19.308653634803566
Z4,3,weekend,34.96186051643399,23.17822833967435,28.42249981926021,23.92765447718208,20.660151297156585,18.582857155011915,13.876965826044708,10.972582487051522
Z5,18,rain,59.04053156462699,25.341803992646415,35.50135295254461,32.91096255670265,30.009169516819547,29.682082758567987,23.23721250874443,23.62004402921641
Z1,0,weekend,35.95520639210014,12.700297782174072,22.77774473364312,26.096962970012555,24.250368754588354,16.7177975953626,18.612539245841933,14.471651037369476
Z6,21,weekend,65.49702310158155,30.223293405006636,45.014321821412416,34.219635605968186,32.32557294167204,30.949131565914247,19.215051477387895,20.64544785487243
Z5,6,normal,41.888171570512725,17.858828011078476,28.567034382075377,24.74169045353252,16.412509583363857,22.862973890973088,18.797118986272086,11.104061166744977
Z6,9,weekend,55.859487859839774,30.388255950468917,38.032338028830345,31.142760395583956,25.457427143349594,29.34048672812996,26.468430331761574,21.055020041943934
Z6,9,rain,54.71928056685968,29.454349012953834,36.83393250941388,30.54769870640595,42.59882683906166,27.413847265471624,21.99264291826794,30.482509115085413
Z4,21,rain,59.245170545441226,32.895029780863695,39.396179470213966,42.08188169376677,36.42806829350063,33.76843694504187,25.724423842121436,32.74124287690193
Z3,0,rain,30.39444862958643,19.04303517949704,26.2146137373264,19.159768988380453,22.37143992058324,19.01806721162728,19.091198921313172,16.896995849016523
Z1,18,weekend,64.74619747075164,35.16372674321112,43.347917895414945,39.555908790434884,33.15355463050517,26.046750742749442,24.208895709975213,19.665751531148306
Z4,15,weekend,49.524794304829236,30.604769240183806,35.79486390600011,37.4152340213577,25.842518345924034,25.395873826216043,21.774473865351947,22.97092250646091
Z2,3,normal,31.65845531124009,14.408206100203595,19.99630421944689,13.408561756403188,17.68343623744814,11.003845109742798,14.295319478657808,14.472298757415906
Z5,6,weekend,49.415713331450945,21.91053920626672,31.186911537022247,27.296157371005847,19.276769240438366,22.531363682749543,21.309251809290473,16.835127815546908
Z4,15,rain,51.17243903175023,28.8007392256929,33.41898071802777,29.390101591310533,30.809804760076315,30.07816061034229,22.25423438224052,17.451463965374465
Z2,21,normal,44.7835419636512,23.92788481301834,32.02821047311444,27.746362006012074,29.420864401249755,16.181079484139715,20.879768560507884,23.157833706312505
Z4,3,weekend,38.69036746042056,19.97777617688017,32.339387545346156,25.336315431682653,24.539366638918324,12.738107557762973,17.855807083809772,16.020172923269303
Z4,3,normal,42.45245763694591,21.271215990308615,24.958986523880192,21.719677654590573,16.241308446234637,14.359069105361373,14.533857087118308,18.20975196261864
Z6,21,rain,65.60528170035953,22.710750977560267,43.78530836228541,25.60197562126536,42.14456425556463,39.649711605500194,23.99858926161646,19.314807429356602
Z3,18,rain,69.86776182563062,32.2795509731326,44.713894379786545,41.2814659794872,37.87960169450053,27.986504306081724,25.238722720944068,25.343396442552454
Z4,21,rain,71.46105634862862,38.999902557001626,37.809431327207065,39.27302851798737,32.79113873699512,27.320291392806407,27.19873475806481,33.00620796597809
Z3,6,weekend,51.85846841169073,22.26722957766969,32.90954035596753,32.57513405731042,21.041235592945732,22.969894009056315,20.65029557257855,10.620238269416342
Z4,9,normal,50.60286071445245,27.170235092136902,29.48198712390549,28.418487712413963,22.211625768759994,20.416153926099902,15.678341700727053,20.525608456720065
Z3,12,rain,49.08658586179724,26.795992986805647,23.17940801962881,22.15769605630701,29.40760540561588,27.170202902945118,17.597979431703326,11.291395277090299
Z4,15,normal,48.062463002830306,31.262256559558743,28.955170401316213,28.268808735828983,20.43625346874918,16.86908065297757,13.513848743396235,14.946809403691786
Z1,0,weekend,32.55442028399166,23.96837011212217,17.970734143079767,25.736868853367056,22.121742653351987,11.673216343451482,13.041297246940578,9.215778806144256
Z1,0,weekend,31.903056648259934,26.260558167552887,30.747483693099966,26.54267210103464,23.20784695899556,20.573787923334297,15.124386132106386,13.485854469142227
Z6,21,normal,55.67084758678149,28.247765486674044,36.26380519309616,29.184339304918,37.68025292634616,31.292083911034563,21.779802409450475,22.552021503703944
Z5,6,rain,46.267448880341476,25.85819060683934,31.570075388782797,21.848827115099404,27.081979049067165,24.661796772658416,21.96961631980106,16.25934616478663
Z2,3,weekend,29.090350203383057,18.06766956574594,22.555350749485456,15.151317591079373,15.972330108641913,16.10654652650117,19.937264083256238,14.689042649796933
Z5,12,normal,39.81400485824298,11.750355947206153,23.271950489256117,19.681824716567824,19.47752039937881,16.183514311637442,11.306802520239296,8.43219745399992
Z3,12,normal,39.61317850868195,18.252852950169785,25.911858842169803,21.742123853199125,22.34597374314668,19.959330896349194,19.167632781796353,15.915867049629421
Z6,21,rain,65.17442353461566,38.29595653198597,40.26055893027667,31.98304798897825,39.45953093549297,41.88303184126557,31.14192282274154,23.818141121510894
Z2,15,rain,47.529168963904844,22.736350365375486,22.780569761324962,27.63058319299938,32.06976841816614,20.802650592449393,21.357505047943658,16.70042763906987
Z1,0,rain,38.81851842201245,19.672209806259907,26.002342936500018,21.954691929025373,26.374311220913523,23.984630780716778,6.353325550109698,9.575441084441506
Z3,6,normal,51.11637725390885,20.50182094728344,24.441052675910942,31.03734448284087,24.805794321114405,15.222496599601525,21.59318600412263,18.870540823499308
Z2,9,normal,43.0018003883379,24.86509431256747,19.550088932848347,21.885269787135414,16.122161470680645,19.452196867726173,17.9240806538813,14.853906810925858
Z3,6,normal,47.98802610730831,21.328254293633083,30.801084679083857,19.468685704647648,24.241903764699117,20.183261007560674,20.612801604300536,18.768863795142394
Z6,15,normal,50.47689465049417,16.02514373587975,23.3043649913241,19.612179004427734,33.05256400319835,20.300211030675502,16.642613288783142,13.77657970612816
Z6,21,normal,64.62381102939405,23.20739392313021,32.83209798259851,29.457783330390157,32.39782247486428,24.571327375827394,11.466235730141896,17.66127184196903
Z1,0,weekend,32.76911043155804,28.458655477315276,25.839952146358083,19.22240116509273,25.520356057978596,15.464591969535327,14.197114937887587,14.744019051700727
Z6,15,normal,43.825010738909235,17.898145722692185,25.94734426957449,26.387636322068097,27.01707651919984,23.10913491903919,19.077627347707665,13.874374879858365
Z3,6,rain,52.65067703810374,26.6941664839262,29.634906009840975,28.348535553711574,29.71934112652157,23.18936345981883,24.401543139182973,15.16690192834783
Z3,0,weekend,31.558801290957064,20.317177591841336,19.66768557517974,22.75267277156894,16.59987717849327,20.667192311929828,15.39055943964113,3.6303062649958466
Z3,18,normal,52.39405827397745,23.59329195272418,34.6992702835443,32.83583474995484,29.828187785989616,15.638779482833336,20.866532335790872,15.885542831134938
Z4,21,normal,59.75327877107305,34.46026245397405,44.33409656647351,35.04663034398091,29.086671466933012,32.24919327469995,17.24430253683,26.40613374693838
Z3,0,normal,31.469218586800498,16.426199338770132,18.134029396262363,27.460061444933416,9.968243542493255,18.133280632470445,18.647676077523396,7.881444179120421
Z5,0,normal,25.4158956367356,13.818253284861049,17.18283333409904,12.553759397545697,10.778663253196036,13.589850274888141,16.23558764856939,9.540803288840237
Z5,12,weekend,42.93226345838103,21.386654784321,28.840109958965833,29.699559872885835,24.401582684687384,7.8169876617604,18.562245058068118,13.816348603596174
Z6,15,weekend,45.40705008764358,18.864042056094267,35.02814043012366,31.21207414823501,31.388104033791173,25.53728929366314,18.95692867581858,19.764867865349338
Z4,21,rain,71.2303590297575,41.16913602126618,49.01936506857394,41.36189518941271,32.962452865485545,30.08092599867242,29.12708498291953,30.81128450994283
Z5,0,rain,33.534202308765956,13.222564568125048,23.327069126651715,14.61081167822311,22.62123342284553,26.608761461809323,16.431004613000432,14.7783535468021
Z2,15,rain,45.4202103254953,21.961780752953743,27.78968845968164,28.26724286966787,25.527477994324393,24.86751421033761,23.469241377481648,17.45053129877757
Z2,15,rain,41.8260298844303,18.886708170365353,30.907132825834193,17.375989897319087,26.6364437348517,24.571779291818853,22.912970124079685,16.123127187961433
Z4,3,rain,37.916056229110865,24.365816693910084,22.834176269364907,25.681586519948286,25.620682472349948,17.62666599081776,18.462271237348755,19.32756143042306
Z3,18,rain,61.60456478959904,28.276807212536177,37.29468339675443,44.58100408144636,36.52191166189611,36.7577181913135,32.347821611421935,25.271228976253514
Z6,9,weekend,55.216863306170694,28.6868791161048,38.667247881404755,31.710960804217013,31.352795907845465,26.369146261827616,16.286709481146897,13.734171946519197
Z1,6,rain,54.639715410032586,28.275821417464392,31.614321388558405,25.951935409954746,42.15978072878544,34.54710470723549,27.385718302146074,16.11470780980719
Z5,12,normal,37.87495159657698,21.819953945163842,17.112859760719818,21.080363382730187,16.23341524309435,14.931313654344132,13.227573738749527,12.257132495048445
Z5,0,rain,30.81024343011521,14.1348013818356,22.319097984821617,13.522531155258584,19.87498280175241,16.773821157102773,14.632376885286419,18.296441447022417
Z6,9,normal,45.62882299275727,16.879228630397495,31.11132014041083,26.420979258706925,28.309443034146017,13.88093411479226,14.128038856070411,20.707822279911085
Z6,3,normal,33.4595991657144,15.619214952026676,19.456387103904028,20.183533829900096,18.60187640688278,16.97489454723963,15.380870282818078,9.223597097660434
Z2,21,weekend,58.837163960599554,32.836292921031045,42.18609434022245,28.2175544921549,28.743753073845166,31.64390325769026,17.588625520462138,19.788270196193672
Z4,15,weekend,47.699474217850515,28.659831401545333,38.403013127092564,38.24321023446004,26.121594064782677,25.632578858487832,23.161083481478364,24.42558390390763
Z3,12,weekend,45.48856973334361,19.245123274849902,29.610209692408432,31.900753642947873,18.330118898040087,16.953705896239388,20.168160082405144,10.64330598020803
Z5,6,rain,52.6544537449886,28.424007294461674,34.351589253728164,30.364396865401908,26.853421107649083,24.02692158508374,21.226163123927574,28.3278052484525
Z2,21,rain,56.14392196693012,28.207241605389164,33.56414732166058,29.680162633387006,31.649979386922343,28.850664704416822,24.33152028638095,22.72864844500015
Z3,18,rain,64.71430479867428,27.30388161585278,32.62715890038816,42.91387124465328,32.2891998721358,29.17311889387459,21.728043593209428,21.35799799976806
Z3,12,rain,44.00150116749789,25.38530307257464,30.82807146709183,36.449926439055076,25.10687159707893,24.272502719552723,15.97246582305398,21.967266671528105
Z5,18,weekend,57.69587969628324,24.87247679421315,30.76589583595239,38.124784996050934,27.712257557492915,17.801539365763574,23.73267175973452,21.8917296232944
Z6,15,weekend,49.010872307836706,22.29906474850601,31.92947230525172,28.176284678777048,27.136902849130436,25.8080685397399,20.913179311930985,16.698529591613916
Z5,6,weekend,43.67255083835605,24.530049396725115,33.6021345407626,25.858399593397298,23.55525669464135,22.823839626484705,25.11582750132856,22.22297882042871
Z2,21,normal,44.67390093566663,24.586456053800184,37.43278989663055,29.868339835635574,25.768387774889273,23.574426859189234,19.60266520170994,16.810580146088252
Z3,6,rain,55.382427744288755,24.6106188970985,36.73169605457546,34.85225131154812,29.476644754143422,24.32077656647793,28.97741468535911,20.226769212759194
Z2,9,weekend,48.26357707980039,21.982781602868005,33.93329051394587,27.565827732811414,23.645727553175945,31.16601208071418,19.874680712528676,18.78721711016575
Z3,6,normal,48.72801156693876,25.684617235355045,29.74300669934784,37.666457917102576,21.860862478939833,21.71431227812016,17.99417989287457,15.065663426998473
Z5,6,rain,59.964312269453984,19.509918122358734,32.09859423466494,25.685252289833834,29.787002322383724,24.777769616580468,25.389130109148635,23.22048562578073
Z4,3,normal,35.460811554827806,21.165096724550335,21.86753672978255,22.993638280780154,18.065030989731472,14.771609932036274,11.309123601546233,21.05513415527169
Z1,0,normal,38.73406039474513,17.437094906676965,17.071796067582195,17.770453919069983,20.16136242333468,9.629404217294521,11.673087750307117,8.809527671008972
Z2,15,weekend,44.71322193816531,22.291442510136218,28.05157978136452,21.550632988691248,22.24429806110151,19.548355191582306,18.820277182616685,12.908463604054013
Z5,12,weekend,34.76860596280197,18.477369032270776,28.574359204795297,20.956068804804477,23.28868395231295,13.642241949346396,18.67099852447189,12.341446460085548
Z5,18,rain,63.23150848649038,26.320661273973826,36.149099053561415,32.26994778666916,31.328423179387034,27.71936635942306,26.343597205033163,24.803527154122946
Z2,21,rain,58.91084661530137,29.405377630588166,35.363104113257926,35.62066087918868,33.93309586505796,34.3222308662001,24.593271600650425,24.70417565800783
Z3,6,rain,60.46634597784589,22.18555098137256,29.173377776039594,33.54436887738707,28.278102758106186,29.652681637280512,25.544329019372938,14.555255191252552
Z4,9,rain,60.094138549176435,37.50048826955197,33.86544301636633,33.09591504344983,34.081156882583976,29.306900263356578,21.743201108449924,25.731299442564676
Z6,15,weekend,49.54036751256619,28.761267673108815,30.32580656789737,26.713227459762706,22.1917483959147,23.540909278092826,16.360369558491527,15.155640404218742
Z6,9,weekend,53.24869280610209,21.154237243945687,30.683595812377625,33.742893924339334,31.004824563406125,17.671554803628027,24.939334128128472,19.75235974345984
Z5,6,weekend,50.21113269591084,22.07798328629471,26.826776517555096,30.972183701398574,27.39303920654539,20.669476773249485,16.089200405356642,19.262292513445857
Z6,9,normal,49.845540943119026,24.09073064102652,23.50261573553105,29.04605434013337,26.412332030593948,19.177553025542064,18.289210646494613,17.07881351160059
Z3,6,rain,55.55992712498637,32.368934328043046,37.64800648330499,35.06799946201779,21.62790572244222,28.596324102575025,16.93036009481932,25.91240270829431
Z4,9,rain,57.20368187258164,32.02189358075737,40.87000244441735,40.73047822763608,39.254763647023104,37.52235435192034,19.856084388236816,25.681451905645517
Z2,15,weekend,42.41846507925442,22.42381853759549,26.57213106698423,28.342683021216317,26.977860849242866,21.96685337062701,17.830200054536313,11.786456629262256
Z5,0,rain,33.129348745763174,9.241462589317518,19.97537198882908,18.327481911785878,25.96649895206482,11.205723942077187,13.78105399090282,18.70795945390597
Z4,15,rain,54.98133264483183,32.807970556733025,30.320186728647904,34.98787944464981,22.740213896672998,27.380124225489038,23.8964883468554,22.03236524591694
Z3,12,weekend,42.55169718467372,25.420172914881736,33.97965044596164,31.141473070480092,22.67960312444544,20.35020133748604,18.36229157341217,15.127809619158768
Z2,9,weekend,50.39546820396024,33.39166853056385,29.81514639367852,22.923549250350778,28.730345459505322,21.684568131124248,20.39622772562818,15.288230263419454
Z6,3,weekend,32.29397668122006,14.975745204999036,28.900845177120814,20.700736046567286,26.802934872232946,16.216565008377362,19.887579516947486,12.992910758819084
Z5,12,normal,34.74181458907509,14.875276832131759,19.88462029914031,23.729592745498756,17.006919474873655,16.6745686647977,16.172119639466064,15.410783427793271
Z2,15,normal,43.47121553520277,21.050048204368533,29.651037529978183,20.4671197847695,18.40327384469613,18.539138901808066,18.20055602412646,19.25111054103856
Z1,6,weekend,55.72303790491039,31.186893371502148,34.886974191327624,32.59870153636024,31.29300946567057,20.018945355983895,21.385648404352246,15.300135776199186
Z5,18,normal,49.432618664217756,24.243632949742,31.09099720493257,24.589426528996004,27.52696597406987,24.226344353053317,21.30043092402294,14.848873493673505
Z4,21,normal,58.08769358552803,31.797683114519632,34.777397587596255,37.147343606400945,27.046476928083976,31.54224608197618,23.844943526200364,22.046498051634526
Z1,12,normal,37.8955513567596,18.339136103394818,27.859209793532028,20.172323306239786,24.758431060862137,23.069299042251227,14.912576101285007,17.247704489634803
Z6,9,normal,50.34800191187064,16.497299045590324,33.52803468545363,28.303521183750274,25.962892604549324,22.575263173925183,19.41666021524782,16.968513794246853
Z5,12,weekend,41.302714235697565,21.565039155486172,36.63195913136873,31.110876139485846,17.124112273044133,16.845838234577887,14.551232993570494,12.325152651127802
Z3,6,weekend,50.65267713534605,29.54109004376098,29.21376813876856,38.39780017644247,24.17349716200104,23.957317249933805,21.00354231429698,22.90172873397303
Z5,18,normal,49.895966219176294,23.203897427475518,30.60121243300625,27.282086880675106,30.39210251067451,13.519762456370737,14.853789894464626,15.2329820913036
Z1,18,weekend,57.74110603347913,33.22552054255333,43.80679348316105,36.98801152686116,35.976627328580435,24.805856383964215,23.362020274555515,18.823540299693704
Z1,12,normal,39.446251504213734,24.187780377837157,29.47185397786506,28.7973568672968,23.01561526520215,17.729408954095515,18.774952179002092,14.867335250033552
Z6,15,rain,47.196268619038705,35.895799755337364,29.78538482162462,28.964774346709678,30.481187232256254,34.58221271571568,23.796284182810204,20.392651755576395
Z6,9,rain,52.36986591409512,30.337002110169543,30.320689248925632,31.020863354464034,39.192319351029205,40.219681350660345,17.149851405678717,26.54270205471547
Z1,0,rain,39.157013208949664,19.911123940729315,30.333818142351884,21.614361344505518,30.978501695007367,19.659457401445987,17.823803584626404,15.514681118767468
Z4,9,normal,44.99928870131046,22.14284685173834,27.152351108950132,24.26474358053094,23.128474459456886,25.261018649047095,18.75340576766099,20.65066528679649
Z1,18,weekend,62.23962761606756,35.61864698884626,38.187853968136885,29.69385307437301,38.77888395620759,28.299565896952505,30.087625989488817,27.401499356288287
Z6,21,rain,68.04760443465322,35.14460956001447,42.20928822706517,38.49786159180274,45.56048460336752,29.621727390120377,25.401766570936953,22.49978651202806
Z6,9,rain,53.82618086327602,28.18670206249521,34.98463368263517,33.85187393892699,42.6595335188746,30.439745359807727,20.37390951359625,22.922445929370074
Z5,6,normal,44.10459976251497,16.999347319019485,29.933494718347433,27.084227612381774,23.620588349567253,21.542846172837443,18.178551544447675,11.740857915042971
Z1,12,weekend,47.28828402950671,26.135767387318882,32.74274005803497,31.80560306325488,22.511928896440033,23.782566751010584,19.42038668485274,15.713131486064086
Z4,9,normal,53.28535258097193,28.89243519316489,27.425058156682383,33.591040542486695,24.443230841853442,20.948234444463743,22.797444632969047,25.13586078735981
Z6,3,rain,33.04101082591815,17.389826711718037,28.400521916468527,23.38810393814194,23.372069614773874,17.37474015700778,14.761708125066912,10.002473525166051
Z6,3,normal,28.822226600857757,15.026603722241063,19.45058494972895,13.55308176563554,14.427427182459587,18.550521623461318,11.100766662237076,7.611939014234346
Z5,0,weekend,36.180815011775366,13.330542369088706,16.7605463047184,22.387237673149272,17.36451119178313,11.712824827729685,9.76385544355579,8.58808385246503
Z3,18,weekend,58.77470690845139,27.666515035990166,38.54689056410079,44.890289690641325,31.02263939213313,24.522295064668935,27.684437530124203,15.373760182950935
Z5,0,weekend,34.16435709148429,15.183069684700001,19.55208885120342,19.117929693531035,18.4237348852047,14.515913800592395,13.005247721756618,15.486290944771323
Z3,6,weekend,48.90146671574938,25.164567957547153,38.485658898246044,30.738425487911528,25.609610224080466,20.943406983332476,23.80114416973314,21.761172388566116
Z5,0,weekend,26.759399153010467,18.881063643829716,24.273452585021083,22.03927008507934,10.248901263075716,14.930853534044529,17.667365995324236,7.585058360461452
Z4,15,normal,46.17136361437932,16.79842164836451,26.130274268071826,28.422843014402766,20.67311563338175,25.31797657682229,17.292217786113234,22.567154872613884
Z1,18,normal,55.19339583288315,31.89390410681999,34.454580146650365,30.048559492609215,35.142415104608446,30.634053390397973,16.85475327192578,22.24969912569374
Z6,9,weekend,47.724642415031106,28.204817468968578,33.23227661340244,27.996222499815616,31.28765494022109,26.0066185525046,19.93765112364743,20.85952707375303
Z5,12,rain,40.86239844824963,19.205542331132428,28.696971179014238,28.247903824523124,23.358071965292098,18.096263751643775,16.590862945080673,18.653828421386454
Z1,0,rain,38.93076977914051,17.99745602815827,26.1865631853226,24.85952250736925,19.404332344505807,14.077405688501521,15.3788194110855,13.430486606797462
Z5,6,normal,40.61460673205449,16.816186844679642,31.48006595009278,28.663398200032816,17.860407895444276,22.32159581593853,18.82244008537893,16.181650010716506
Z2,9,rain,54.872995396877904,24.452277443371607,25.525918382892655,22.562149863686265,24.133668574259108,24.356688718026227,19.722875344830324,15.568160742408383
Z4,21,rain,67.97463446179098,42.11532730168013,39.61250241817877,49.834749220813755,35.442150686478115,31.192064604340924,32.19628743164231,29.808664773273716
Z5,12,weekend,38.02834135210797,16.97329410424679,29.026917166626255,25.869400120278073,24.61612289061773,21.701608776197293,19.2104797021409,10.03790662398696
Z5,6,weekend,47.955927343091474,27.589850076580625,25.62274564483113,21.723821455493628,24.420521458632322,20.802051007050203,23.54777930117177,15.173953636896442
Z2,21,rain,62.2965282118262,34.42417936325243,40.20319887866765,31.807175627731496,32.12435145521291,35.870602994559505,24.529108130718377,21.16997317046034
Z4,15,normal,47.853891408758095,30.799676117959592,27.672965955709923,30.252927498819286,26.6608259259389,19.90816274990551,15.836139340139807,10.092522586973868
Z4,9,weekend,61.53222236060158,35.37516684012526,33.50635828472262,41.820803748731194,29.46963280672499,19.28335063503602,23.615559156802146,23.629278711616426
Z3,6,weekend,52.01505903682014,27.204755584303786,35.43474332336469,34.670601053215584,21.713904809141003,22.10931842837575,22.336656101716205,13.87541561376899
Z6,21,normal,59.28560350125815,20.940498429085586,32.28854507075658,37.259511679233015,38.05934166574847,28.028013973734048,17.84374424574574,17.330266926550372
Z2,15,weekend,41.69336983784981,24.964248327096996,34.122504515560685,28.0329599253303,20.918049432555076,23.826479527580435,17.438944305587555,18.962030939128024
Z6,21,weekend,60.463934088968855,23.9865519777672,47.14449026531,35.033091991651105,37.902541555200614,35.03846739701185,19.754811606293757,17.103881150628514
Z3,0,normal,33.02168126063316,13.313453750694652,19.131619624193853,14.843864670705063,14.622391896088672,12.787643784968656,14.672594613691896,8.920354734133443
Z3,0,rain,35.868927968289796,22.608886371818556,26.86396933268313,18.375155227293998,18.97596000128855,22.68295567224612,18.243956868196733,14.528502210179203
Z3,0,normal,32.756347542280146,14.791203485019903,24.248548173135287,25.544342548690345,19.423490460064688,10.424618392195695,14.564706986252226,12.402306505019999
Z4,9,weekend,59.05590402951376,36.69749337604961,38.26723012262536,36.48308085915255,27.26913414091826,25.75053876944928,24.31860675458799,18.558049747183222
Z1,6,normal,50.77448422709927,26.331141023637606,34.66605237012346,29.159985333127388,22.108483278945066,18.862272634954028,19.33646795273648,16.428370398580746
Z3,18,normal,51.94437733032677,25.118449297346338,36.67633909695313,28.45519390466912,21.909961375820963,16.387950222928488,23.87443328838645,14.709929639777094
Z3,12,weekend,45.97542362807415,23.926705552885103,26.20213779260084,30.880968176749075,25.43762528876166,22.123755356468145,21.050499745451233,14.00624290336498
Z1,6,rain,51.28172235490286,30.141141476926144,31.28884978718303,28.972589818169332,39.74522135975418,20.647964098691144,24.54701353424973,24.444496264767885
Z4,3,normal,28.316340608789694,19.42976230867271,29.515471390927864,23.861376580302775,22.15854578504615,15.732201555450468,12.910735866056623,14.640049865283416
Z1,6,normal,45.771818139085354,27.92028104900855,26.12465110105706,24.450651907062305,34.99147773732831,24.54977056942969,24.05864401390052,16.15993965709448
Z3,18,weekend,52.99007870524707,28.921374211584734,33.35215801706601,35.202487094204784,33.91911780434869,29.005147436900902,25.993819183503234,15.600117903856859
Z4,21,weekend,66.19313368140577,36.061033236387686,45.86608058104154,44.69542769287987,32.44654503964278,27.03003393010666,22.19301619070402,20.14406379117272
Z3,0,rain,28.683363303778954,17.368938117074382,14.807344774286843,23.477537743792286,20.07452921715909,21.567013580999156,20.622400374523927,14.554794268883285
Z3,0,weekend,37.13929302927499,20.332715323199736,22.299462247130467,21.968968725674014,20.00451558440004,14.422434862914349,12.167097868317274,8.201174750987818
Z5,0,weekend,32.226171155555086,15.850167718626327,24.406221425915284,20.294418291826183,17.98061306337799,11.475337012192343,18.44379392943692,16.89554491668397
Z3,18,normal,51.92047515506122,20.018797509640407,33.852453276998546,31.84277551827669,27.310366739741465,23.59648250933205,29.366226119623207,17.786255303844413
Z1,12,normal,41.92452421424279,16.37165867643037,29.845547325449704,28.650274299987366,23.292811537461585,19.57889759881745,13.620629672972084,12.466703444521237
Z5,0,rain,35.91453019846182,16.485635538731945,24.74239842713562,21.52531986055941,24.983490196559085,19.016571938564965,9.646284705213663,12.503138966856296
Z2,15,weekend,41.92346305716029,20.827658410984714,34.17529738244028,29.11472321607567,23.881072123812896,21.33627580381573,20.526068645605307,13.435152062672731
Z5,12,rain,52.341273622112915,24.9745862957917,30.21428832052162,27.25027992043675,29.04654424267233,20.41706650214434,12.284882623136482,15.716702198478965
Z1,0,rain,38.12072360104994,21.768731713188593,23.24193574630913,21.459632200705354,25.604208826352743,13.578322441765154,13.123590402437085,17.73851986895396
Z4,21,weekend,60.835823958122695,42.13030306370667,41.11982077023344,40.82491574985976,31.923313775742074,28.143526553179143,23.927627227448475,24.479345734504154
Z6,21,rain,68.49585282696161,32.91293470423545,42.47284465260071,33.81250528806626,47.07832024303265,33.268909383137654,28.926402576308465,32.18370143887634
Z3,12,rain,40.90018977233892,25.871467785671587,32.43475436399342,27.282006483996916,21.772560720364748,15.233022058096568,20.237712630736887,15.765240430014382
Z4,21,weekend,66.6996597029804,30.431045023065874,46.9832876304241,44.92889557371944,40.414491298508736,24.60872556196493,26.727082681357782,31.840758953230726
Z3,12,normal,38.869811422996726,27.121122925092507,19.11799891702004,25.984716125484308,15.92416441773016,15.913095308660626,18.314968156691904,5.829200187939996
Z5,0,rain,31.244217448459484,16.609948280867926,25.37879112139721,24.028988268689886,15.567831763765188,16.256217589217584,15.46397449683651,9.285634685191907
Z6,9,normal,52.82824440023856,24.793214500586537,25.856103028182304,32.93318994090204,32.155190789281676,24.18991359531234,24.059415819676232,17.342422243403742
Z3,18,weekend,58.491350890289795,33.490315705871105,43.37997187621673,36.99851553917219,26.151257414819987,26.252457534846933,34.553463311343286,14.15440192435852
Z6,3,rain,36.948138315725025,19.222436171580952,27.101955576278577,25.382723199089206,24.69197369265834,20.229898431616903,16.971993857194725,12.212274476755459
Z6,15,normal,41.06889567490593,16.686146998499446,28.183040575135575,26.27230749644964,28.17046309584174,19.085311948159358,19.103546947319877,12.58280675516528
Z4,3,rain,38.90542357297871,21.32444956002289,25.690654720816138,24.803151362554313,21.94817014367134,19.898507076830683,13.269145650272755,18.819109448585035
Z6,3,normal,39.457282936404695,17.95359866928552,20.78197290799984,16.272011314632717,18.518595018457116,8.69820738779994,13.23084147322406,14.149110879686488
Z2,9,weekend,55.03298388577924,17.795966031183397,31.44713801183113,31.634072129776737,18.69169960191121,29.744221668187286,21.757948144452303,20.301987950451917
Z2,3,rain,29.468969958571094,17.048804109612526,18.44703724930205,19.90322050289339,17.699095025191458,24.63742703195957,15.282383039665888,8.561516439779759
Z5,18,weekend,50.20995129104601,18.064453931292984,36.274960619509805,32.063215554574654,25.328332515763357,27.578316636604086,30.425859427808433,18.59381011825361
Z2,9,weekend,42.454128281715064,24.101833346267593,33.71373842197631,25.06444487151923,24.106617972378793,24.766533970466764,12.92267197879217,14.136007691821748
Z4,3,normal,41.31771074922565,17.91151766944619,27.697918593453785,21.295054726212783,17.46030239116151,16.37116065424992,24.292987877786373,16.285099511956762
Z6,15,normal,40.92403151193221,19.197591591739496,30.210547567825103,30.191644409080943,22.168964696180353,23.29329613890972,13.09044621294863,16.847759809621206
Z2,3,rain,34.19933594873499,14.72659465349247,24.394068912019904,22.235765774001322,19.32224507189354,23.38738275687588,15.145624697882159,10.145303899908665
Z2,3,normal,28.27378388226582,15.50635020100814,21.076837691774443,16.909345012205385,17.343665798815486,15.69823980940274,13.226726469605133,7.85444357995541
Z3,0,weekend,29.419580330632428,20.003188560932106,30.704397436810616,24.189061163529708,15.820961932760229,14.594988749573677,18.785398684389968,6.110329380724737
Z2,15,weekend,39.52484667965288,24.395370339319022,21.874622521391366,29.01947903933549,16.697549575844526,22.42470269416116,18.102209069352277,19.780999515528592
Z5,6,normal,43.12949690555279,27.515489081257083,32.55474215866335,25.210662933947756,18.658579766068314,15.040159848058039,23.29580033581103,15.911942288014984
Z6,21,weekend,60.203131091034884,29.20666503238305,46.43268651109538,32.96953498765666,34.73142324785808,31.194892662668945,26.729312262188586,23.221847020192563
Z2,9,rain,47.396646783058195,22.64999703655316,33.54161200852949,29.47420115827407,30.588770805744932,28.37471203438543,21.2375160425912,20.28265807716788
Z5,12,normal,41.072261238487776,21.95210146293692,22.942017228458514,25.18915061349289,18.604683304519384,13.297906216603883,14.313998767304431,7.668682206022443
Z1,0,normal,36.26433315599132,17.673525172385308,22.29284378628443,17.247267592397208,20.505444061328497,14.78236963018772,13.321343475366625,14.111089326539663
Z2,3,weekend,35.94928820300485,19.241697334169935,16.326936031433835,18.29802758518233,13.130370181795032,20.912884889607795,8.920453086557526,17.17409786639755
Z2,15,normal,37.34483811996543,18.14321854746329,21.944922807812965,21.10513423434803,22.868278481100884,14.170378518826777,16.9532327524105,14.838874608162971
Z4,9,weekend,56.41914440198348,38.2546282744665,38.059710983525164,32.61720457893038,34.67831109897891,27.29017378434478,23.4555549941552,21.053445923712765
Z5,0,normal,32.652107675044725,10.043744143597833,14.84498790627493,17.861721357459782,13.444143594942197,14.88859641748316,12.703436228716464,12.450702768313484
Z4,3,rain,33.57555953840266,22.728424002029577,24.255569715813337,24.046970857351905,29.27918204206984,21.57777855645457,18.183740265062173,13.697899432202641
Z5,18,rain,56.4403314698462,32.00209700042822,28.815096919119327,28.633653351638003,34.81574651873103,29.091737199284317,27.410630137443647,28.34390337868159
Z6,3,weekend,35.72160636863745,17.675746741413715,30.673127304988924,28.106176129544004,16.064312623344293,26.494184520047966,11.591629975963365,15.96506693014599
Z3,18,weekend,58.597475712566926,24.52122009097465,37.1249270464841,41.22895116138198,33.76214619209489,35.70423801430326,26.458952202251847,25.882430548259038
Z1,6,rain,59.487770550508124,35.32296519119248,33.467170963181516,30.940249630744834,41.48612904443841,25.134804052577255,20.96019804194745,22.11957820578952
Z4,3,rain,37.236691653261275,17.00839489942269,22.814569660109928,28.79840641134453,20.16522188521229,17.14017502982822,9.267669803263768,23.090923080928288
Z2,21,normal,49.78230380196034,16.528400961620427,33.28163156651817,26.827866782327312,17.823977801035646,28.47448831770988,24.51652162296127,22.908235198038
Z4,9,weekend,55.84363235203141,25.706603312537414,36.17543696176369,35.737019889888266,25.003383747909663,31.905170855565544,23.8980404850935,23.212206531483666
Z1,18,rain,64.45135672259296,30.684516009533642,43.6375834704897,34.855433505169444,43.29888123700641,28.283017939695807,23.306656531593557,26.41876342243221
Z3,6,normal,46.621360051589896,22.63371633829935,32.27184966396097,28.105905897214,25.008085395062395,19.64956422829617,20.37860241435155,19.199316647084256
Z1,18,normal,54.80104762960862,30.723743711537185,28.730736593786546,37.640111464882075,36.88528356207275,24.05725055072408,23.560412784999627,14.620831998682663
Z4,15,weekend,54.86211835160021,21.976266574885496,29.223857313731408,35.94833951880151,22.878892033358717,27.122288417769695,20.340289635401714,13.453654425004093
Z4,15,normal,46.81143927140057,24.581078187508417,28.07138241037701,26.229333857959812,17.933361993896483,22.697039132450506,15.127596311361827,28.765959301488884
Z2,9,weekend,50.50604112432638,20.992000770466728,36.00791958046868,25.430723262249124,22.245247795466486,22.39228807124688,25.106713551061937,18.494958809658073
Z2,3,weekend,28.395912061189083,17.912395213710102,29.03934182706113,21.342221817690586,14.834777636757876,14.610731518501153,12.209610093292117,10.670426626832766
Z5,6,rain,45.85361160453639,24.124007862712332,29.93837984672934,35.126226668503314,31.674071451209056,21.176894151460395,23.939617983578362,17.681438780773863
Z1,0,normal,27.470527220084016,14.199022984911014,22.118728121059476,19.989157449844697,21.252959627649936,9.461319406376717,4.4831379717857445,11.597437548866338
Z2,9,rain,53.9242013504467,31.54574482473245,30.375429067414682,29.62530700727518,21.46159503102733,29.996945591676614,16.541553946978496,20.4279638426903
Z1,12,rain,48.584329237135904,25.508464393923038,32.32788453757478,29.39781238563393,33.95608691540627,21.256274252692656,19.65224048958126,18.44656440983252
Z4,15,rain,53.28598735819669,30.62070995852599,31.20509106599714,36.42144950518728,28.36880473198342,22.248893439350926,16.75618448988133,23.61666315202742
Z2,3,weekend,37.179538156078976,19.89618286826445,27.669951584579355,20.96638629367189,19.319927905228845,15.31065524419975,11.540687159543479,17.532982741466405
Z5,0,normal,33.15766500149732,5.8624460657160595,10.982640917971485,18.69223529326921,14.431159568410788,13.498962050912663,8.108813638385083,9.913562012023716
Z1,12,weekend,48.915457207437996,24.675698483593905,34.51837716938161,31.438348694045903,33.21110262980536,26.598323173519383,16.358943514691962,16.47501173266379
Z6,21,weekend,53.71057216383102,33.1593655317229,43.47336079978002,37.717910495549305,40.960139122578404,26.37814166238637,32.39336385164798,18.126649264003465
Z6,15,rain,53.24948098498776,22.66800697709724,30.74794957328735,26.2915184994919,40.467799689879975,31.167026684201435,22.158423972253857,21.5290508039234
Z6,3,rain,35.41802680886554,12.868059536196142,21.001704629394226,17.33160225615438,20.701444906998393,27.142536148124474,15.601989613090206,15.589340580148942
Z3,12,rain,43.90475764062579,21.262163402562827,27.30718248703203,34.65190116033094,28.194527230266946,22.987606332535336,19.556568017967074,16.284504901819425
Z6,15,rain,49.51011659260087,28.6877347024793,38.13350759815866,35.57440870274059,30.721595686263683,25.183741932368974,25.075247553568477,15.64946253006827
Z5,6,rain,46.42268464004214,29.1380008087609,33.409532608800276,28.702658205804305,25.004180375481287,21.54419395048522,20.840819380839434,21.00529322952186
Z2,21,weekend,64.41571507046622,29.632488749149438,41.40765669041658,32.07782886158376,27.03747162984883,25.59216106520376,14.111820827782791,14.992903531032468
Z4,9,weekend,58.961776350916395,33.38602630976633,32.55452371021173,38.489483768767066,31.537594850649743,28.609083086137126,27.291028950098337,22.489604224155116
Z4,21,normal,51.2787539566485,27.119265444709193,33.75695359453926,36.361733709184094,33.04098062081093,25.01428772083254,18.964151979050957,22.61025910575265
Z1,6,weekend,56.63399053108092,30.25362729420775,33.651104977914834,29.329171504921238,38.536605436108864,23.222424822998455,28.36453932864409,17.366369087497816
Z5,18,normal,51.923467517882415,22.677510565948857,27.367606520141436,27.711888485971926,22.333438751178363,19.78890854109566,23.98121904638048,12.449741560366542
Z2,3,normal,33.16025215015602,14.019641559648393,17.6302148779835,16.05386324282098,15.46412706442158,17.05484969891423,7.872507199657164,6.675243285825546
Z6,21,normal,51.86234494801851,19.199739525182416,35.0174308190836,22.67930332436348,29.48591411869392,25.806221720953044,18.22609957417123,20.570149757724735
Z3,12,rain,42.9864913321867,21.433172774124863,36.29860406352308,27.148282622714653,28.82478079333875,19.70657429422932,24.43066554505986,19.14814758137052
Z3,12,weekend,43.80893169109462,24.31751804374403,22.864826784346093,30.175432436256827,28.850499622316676,19.867212772409353,21.621696092092677,17.56260932874769
Z6,21,normal,57.539497722904294,26.490307556201365,29.53955459204733,30.291269104054578,35.030725342260325,24.537468247292868,21.800051874931047,14.090841301597738
Z5,6,normal,40.994574145169885,23.580892545965504,25.781586120204807,22.14607435984577,24.50938475962239,19.042399557199037,20.101815700791324,15.041268276528523
Z1,18,rain,63.084774743247664,33.78884906347299,44.94259822028211,39.18991139359573,47.364731439173575,36.55457882147854,35.440920368835535,18.938855516314455
Z1,12,weekend,48.124189904717475,26.526044971368737,31.789807296996056,27.812256160895124,26.671755288753747,18.80100799580604,24.56996630777827,16.046489785601956
Z1,18,normal,55.293025969547784,29.96036536142423,36.23621407998243,27.133998496179487,33.09165606647106,29.728219289707617,17.47872170542999,12.146909428603141
